{"cameraMode":{"drawMode":0,"name":"Shaded","section":"Shading Mode"},"sceneLighting":true,"audioPlay":false,"sceneViewState":{"showFog":true,"showMaterialUpdate":false,"showSkybox":true,"showFlares":true,"showImageEffects":true,"showParticleSystems":true},"in2DMode":false,"pivot":{"x":3.3071298599243166,"y":0.5037293434143066,"z":-0.14553356170654298},"rotation":{"x":-0.15920402109622956,"y":-0.21377071738243104,"z":0.03533688187599182,"w":-0.9631808996200562},"size":2.954423427581787,"orthographic":false}