{"cameraMode":{"drawMode":0,"name":"Shaded","section":"Shading Mode"},"sceneLighting":true,"audioPlay":false,"sceneViewState":{"showFog":true,"showMaterialUpdate":false,"showSkybox":true,"showFlares":true,"showImageEffects":true,"showParticleSystems":true},"in2DMode":false,"pivot":{"x":-1.0144609212875367,"y":0.9576431512832642,"z":2.4025731086730959},"rotation":{"x":-0.025642823427915574,"y":0.11282169073820114,"z":-0.0029091956093907358,"w":-0.9933066964149475},"size":2.16194748878479,"orthographic":false}