{"cameraMode":{"drawMode":0,"name":"Shaded","section":"Shading Mode"},"sceneLighting":true,"audioPlay":false,"sceneViewState":{"showFog":true,"showMaterialUpdate":false,"showSkybox":true,"showFlares":true,"showImageEffects":true,"showParticleSystems":true},"in2DMode":false,"pivot":{"x":1.6388041973114014,"y":2.016732692718506,"z":-0.413183331489563},"rotation":{"x":-0.07031969726085663,"y":0.3546334505081177,"z":-0.026758192107081415,"w":-0.9319794178009033},"size":2.0461881160736086,"orthographic":false}