{"cameraMode":{"drawMode":0,"name":"Shaded","section":"Shading Mode"},"sceneLighting":false,"audioPlay":false,"sceneViewState":{"showFog":true,"showMaterialUpdate":false,"showSkybox":false,"showFlares":true,"showImageEffects":true,"showParticleSystems":true},"in2DMode":false,"pivot":{"x":-0.3594357371330261,"y":0.8954039812088013,"z":-0.33012855052948},"rotation":{"x":-0.048297036439180377,"y":-0.24264609813690186,"z":0.012097695842385292,"w":-0.9688427448272705},"size":1.9620054960250855,"orthographic":false}